INSERT INTO Customers (owner_id, name, membership_level, contact_info) VALUES (1, 'John Fuentes', 'Silver', '(145)120-5166');
INSERT INTO Customers (owner_id, name, membership_level, contact_info) VALUES (2, 'Dennis Walls', 'Platinum', '475.906.5067');
INSERT INTO Customers (owner_id, name, membership_level, contact_info) VALUES (3, 'Justin Cordova', 'Silver', '319.946.6939x29978');
INSERT INTO Customers (owner_id, name, membership_level, contact_info) VALUES (4, 'Douglas Mcdonald', 'Gold', '917.156.6259');
INSERT INTO Customers (owner_id, name, membership_level, contact_info) VALUES (5, 'William Moore', 'Silver', '(364)553-4227x230');
INSERT INTO Customers (owner_id, name, membership_level, contact_info) VALUES (6, 'Darius Norris', 'Gold', '934.049.9414x996');
INSERT INTO Customers (owner_id, name, membership_level, contact_info) VALUES (7, 'Jason Stanley', 'Silver', '(731)721-7255');
INSERT INTO Customers (owner_id, name, membership_level, contact_info) VALUES (8, 'James Floyd', 'Platinum', '379.878.4544');
INSERT INTO Customers (owner_id, name, membership_level, contact_info) VALUES (9, 'Jose Parker', 'Platinum', '001-123-347-9092');
INSERT INTO Customers (owner_id, name, membership_level, contact_info) VALUES (10, 'Ann Mcdonald', 'Basic', '001-252-454-9456x0199');
INSERT INTO Customers (owner_id, name, membership_level, contact_info) VALUES (11, 'Brenda Dougherty', 'Gold', '001-794-516-4692');
INSERT INTO Customers (owner_id, name, membership_level, contact_info) VALUES (12, 'Amy Henderson', 'Basic', '(288)695-1604');
INSERT INTO Customers (owner_id, name, membership_level, contact_info) VALUES (13, 'Ashley Baker', 'Platinum', '(866)671-9683x708');
INSERT INTO Customers (owner_id, name, membership_level, contact_info) VALUES (14, 'Wendy Kelley', 'Basic', '0920564273');
INSERT INTO Customers (owner_id, name, membership_level, contact_info) VALUES (15, 'Courtney Cooper', 'Gold', '418-062-8582x1465');
INSERT INTO Customers (owner_id, name, membership_level, contact_info) VALUES (16, 'Brandon Vazquez', 'Gold', '740-636-7986');
INSERT INTO Customers (owner_id, name, membership_level, contact_info) VALUES (17, 'Matthew Schmidt', 'Platinum', '001-741-224-8117x49021');
INSERT INTO Customers (owner_id, name, membership_level, contact_info) VALUES (18, 'Beverly Walters', 'Platinum', '043-075-7718');
INSERT INTO Customers (owner_id, name, membership_level, contact_info) VALUES (19, 'Marie Moyer', 'Gold', '(324)059-4335x9784');
INSERT INTO Customers (owner_id, name, membership_level, contact_info) VALUES (20, 'Jacob Johnson', 'Basic', '(611)543-6309x761');
INSERT INTO Customers (owner_id, name, membership_level, contact_info) VALUES (21, 'Tyler Fleming', 'Platinum', '001-290-299-3529');
INSERT INTO Customers (owner_id, name, membership_level, contact_info) VALUES (22, 'Desiree Adams', 'Gold', '332.406.2248');
INSERT INTO Customers (owner_id, name, membership_level, contact_info) VALUES (23, 'Michael Johnson', 'Gold', '+1-610-805-1933x2400');
INSERT INTO Customers (owner_id, name, membership_level, contact_info) VALUES (24, 'Kathryn Porter', 'Basic', '+1-729-411-5147');
INSERT INTO Customers (owner_id, name, membership_level, contact_info) VALUES (25, 'Robert Vaughn', 'Platinum', '971.810.9919x0061');
INSERT INTO Customers (owner_id, name, membership_level, contact_info) VALUES (26, 'Matthew Allen', 'Basic', '244-774-8127');
INSERT INTO Customers (owner_id, name, membership_level, contact_info) VALUES (27, 'Lisa Hayes', 'Platinum', '630.219.3768');
INSERT INTO Customers (owner_id, name, membership_level, contact_info) VALUES (28, 'Holly Preston', 'Platinum', '1032678349');
INSERT INTO Customers (owner_id, name, membership_level, contact_info) VALUES (29, 'Linda Russo', 'Basic', '484.093.4565');
INSERT INTO Customers (owner_id, name, membership_level, contact_info) VALUES (30, 'Vanessa Beck', 'Basic', '001-367-269-3536x6669');
INSERT INTO Customers (owner_id, name, membership_level, contact_info) VALUES (31, 'Kenneth Lambert', 'Basic', '(336)868-3377x0827');
INSERT INTO Customers (owner_id, name, membership_level, contact_info) VALUES (32, 'Monica Dixon', 'Gold', '5738998514');
INSERT INTO Customers (owner_id, name, membership_level, contact_info) VALUES (33, 'Tonya Mcdaniel', 'Basic', '5385914371');
INSERT INTO Customers (owner_id, name, membership_level, contact_info) VALUES (34, 'Ashley Miles', 'Silver', '333.827.1133x3749');
INSERT INTO Customers (owner_id, name, membership_level, contact_info) VALUES (35, 'Scott Howard', 'Gold', '456-773-4740');
INSERT INTO Customers (owner_id, name, membership_level, contact_info) VALUES (36, 'Charles Berry', 'Platinum', '+1-150-923-9912x930');
INSERT INTO Customers (owner_id, name, membership_level, contact_info) VALUES (37, 'Laura Crawford', 'Platinum', '001-160-488-6903x26788');
INSERT INTO Customers (owner_id, name, membership_level, contact_info) VALUES (38, 'Steven Miller', 'Silver', '(583)729-1782x1868');
INSERT INTO Customers (owner_id, name, membership_level, contact_info) VALUES (39, 'Michael Thornton', 'Basic', '534-892-9455x8656');
INSERT INTO Customers (owner_id, name, membership_level, contact_info) VALUES (40, 'Andrew Rodriguez', 'Gold', '+1-622-440-4104x939');
INSERT INTO Customers (owner_id, name, membership_level, contact_info) VALUES (41, 'Karen Wong', 'Silver', '001-131-799-7911');
INSERT INTO Customers (owner_id, name, membership_level, contact_info) VALUES (42, 'Brendan Williams', 'Gold', '131-042-6175x24146');
INSERT INTO Customers (owner_id, name, membership_level, contact_info) VALUES (43, 'Susan Walker', 'Silver', '+1-800-451-8801x39848');
INSERT INTO Customers (owner_id, name, membership_level, contact_info) VALUES (44, 'Stephen Williams', 'Basic', '555-136-3797');
INSERT INTO Customers (owner_id, name, membership_level, contact_info) VALUES (45, 'Lisa Mendez', 'Platinum', '001-941-653-6223x09739');
INSERT INTO Customers (owner_id, name, membership_level, contact_info) VALUES (46, 'Kelly Bailey', 'Platinum', '(640)543-6117');
INSERT INTO Customers (owner_id, name, membership_level, contact_info) VALUES (47, 'Heather Carpenter', 'Platinum', '(973)371-6394x14332');
INSERT INTO Customers (owner_id, name, membership_level, contact_info) VALUES (48, 'Ashley Allen', 'Platinum', '+1-661-180-8649x534');
INSERT INTO Customers (owner_id, name, membership_level, contact_info) VALUES (49, 'Nicholas Dougherty', 'Gold', '(554)675-0862x9623');
INSERT INTO Customers (owner_id, name, membership_level, contact_info) VALUES (50, 'Elizabeth Cruz', 'Platinum', '114.169.3480x7724');

INSERT INTO EVs (ev_id, owner_id, model, battery_capacity, soc, priority_level) VALUES (1, 42, 'Rodriguez, Obrien and Hill Model X', 98.13, 15.15, 1);
INSERT INTO EVs (ev_id, owner_id, model, battery_capacity, soc, priority_level) VALUES (2, 24, 'Moore, Allison and Burgess Model Y', 95.27, 65.84, 1);
INSERT INTO EVs (ev_id, owner_id, model, battery_capacity, soc, priority_level) VALUES (3, 45, 'Delacruz-Jones Model Y', 79.15, 95.2, 1);
INSERT INTO EVs (ev_id, owner_id, model, battery_capacity, soc, priority_level) VALUES (4, 14, 'Long-Harvey Model Y', 96.88, 50.77, 1);
INSERT INTO EVs (ev_id, owner_id, model, battery_capacity, soc, priority_level) VALUES (5, 41, 'Bauer, Lopez and Williams Model 3', 63.16, 87.04, 3);
INSERT INTO EVs (ev_id, owner_id, model, battery_capacity, soc, priority_level) VALUES (6, 28, 'Mcpherson, Hopkins and Lambert Model Y', 93.82, 25.13, 1);
INSERT INTO EVs (ev_id, owner_id, model, battery_capacity, soc, priority_level) VALUES (7, 26, 'Reed, Atkinson and Jackson Model Y', 61.83, 21.37, 5);
INSERT INTO EVs (ev_id, owner_id, model, battery_capacity, soc, priority_level) VALUES (8, 1, 'Martin-Turner Model S', 55.04, 44.95, 4);
INSERT INTO EVs (ev_id, owner_id, model, battery_capacity, soc, priority_level) VALUES (9, 47, 'Mullins, Clark and Rodriguez Model X', 82.01, 60.35, 3);
INSERT INTO EVs (ev_id, owner_id, model, battery_capacity, soc, priority_level) VALUES (10, 39, 'Nelson Inc Model X', 40.03, 58.03, 2);
INSERT INTO EVs (ev_id, owner_id, model, battery_capacity, soc, priority_level) VALUES (11, 21, 'Young Inc Model Y', 82.23, 15.57, 2);
INSERT INTO EVs (ev_id, owner_id, model, battery_capacity, soc, priority_level) VALUES (12, 21, 'Smith-Casey Model X', 78.34, 55.49, 3);
INSERT INTO EVs (ev_id, owner_id, model, battery_capacity, soc, priority_level) VALUES (13, 13, 'Rodriguez-Gomez Model 3', 80.82, 55.59, 2);
INSERT INTO EVs (ev_id, owner_id, model, battery_capacity, soc, priority_level) VALUES (14, 19, 'Cooke Group Model Y', 73.74, 44.43, 2);
INSERT INTO EVs (ev_id, owner_id, model, battery_capacity, soc, priority_level) VALUES (15, 13, 'Baird-Moore Model Y', 55.95, 76.27, 3);
INSERT INTO EVs (ev_id, owner_id, model, battery_capacity, soc, priority_level) VALUES (16, 9, 'Barnes Inc Model S', 60.54, 36.3, 4);
INSERT INTO EVs (ev_id, owner_id, model, battery_capacity, soc, priority_level) VALUES (17, 21, 'Evans, Reid and Brown Model X', 51.19, 77.43, 3);
INSERT INTO EVs (ev_id, owner_id, model, battery_capacity, soc, priority_level) VALUES (18, 45, 'Mckee Group Model 3', 95.57, 86.43, 3);
INSERT INTO EVs (ev_id, owner_id, model, battery_capacity, soc, priority_level) VALUES (19, 21, 'Herrera-Rodriguez Model X', 76.73, 93.69, 3);
INSERT INTO EVs (ev_id, owner_id, model, battery_capacity, soc, priority_level) VALUES (20, 15, 'Strickland, Campbell and Gibson Model 3', 73.38, 71.48, 4);
INSERT INTO EVs (ev_id, owner_id, model, battery_capacity, soc, priority_level) VALUES (21, 50, 'Shaw, Davis and Grant Model Y', 64.01, 23.43, 4);
INSERT INTO EVs (ev_id, owner_id, model, battery_capacity, soc, priority_level) VALUES (22, 18, 'Fuentes-Johnson Model 3', 44.27, 36.88, 1);
INSERT INTO EVs (ev_id, owner_id, model, battery_capacity, soc, priority_level) VALUES (23, 18, 'Carter, Sullivan and Bell Model 3', 76.81, 56.89, 2);
INSERT INTO EVs (ev_id, owner_id, model, battery_capacity, soc, priority_level) VALUES (24, 27, 'Bailey, Barron and Brown Model X', 64.06, 30.65, 2);
INSERT INTO EVs (ev_id, owner_id, model, battery_capacity, soc, priority_level) VALUES (25, 12, 'Vang, Thomas and Church Model Y', 69.35, 14.35, 2);
INSERT INTO EVs (ev_id, owner_id, model, battery_capacity, soc, priority_level) VALUES (26, 39, 'Ross LLC Model X', 75.43, 36.57, 4);
INSERT INTO EVs (ev_id, owner_id, model, battery_capacity, soc, priority_level) VALUES (27, 11, 'Anthony-Salas Model 3', 83.38, 82.76, 4);
INSERT INTO EVs (ev_id, owner_id, model, battery_capacity, soc, priority_level) VALUES (28, 50, 'Zamora LLC Model S', 95.01, 31.91, 2);
INSERT INTO EVs (ev_id, owner_id, model, battery_capacity, soc, priority_level) VALUES (29, 14, 'Cowan, Riddle and Cherry Model X', 95.58, 94.43, 5);
INSERT INTO EVs (ev_id, owner_id, model, battery_capacity, soc, priority_level) VALUES (30, 34, 'Joseph, Murillo and Fuentes Model Y', 96.4, 80.95, 5);
INSERT INTO EVs (ev_id, owner_id, model, battery_capacity, soc, priority_level) VALUES (31, 30, 'Carter Ltd Model 3', 46.83, 54.4, 2);
INSERT INTO EVs (ev_id, owner_id, model, battery_capacity, soc, priority_level) VALUES (32, 14, 'Martinez-Nguyen Model Y', 76.72, 58.03, 1);
INSERT INTO EVs (ev_id, owner_id, model, battery_capacity, soc, priority_level) VALUES (33, 34, 'Smith-Prince Model Y', 69.31, 79.37, 4);
INSERT INTO EVs (ev_id, owner_id, model, battery_capacity, soc, priority_level) VALUES (34, 20, 'Stewart-Hampton Model Y', 69.84, 79.48, 2);
INSERT INTO EVs (ev_id, owner_id, model, battery_capacity, soc, priority_level) VALUES (35, 29, 'Johnson-Johnson Model 3', 40.09, 12.09, 5);
INSERT INTO EVs (ev_id, owner_id, model, battery_capacity, soc, priority_level) VALUES (36, 33, 'Lee Inc Model S', 76.21, 76.73, 1);
INSERT INTO EVs (ev_id, owner_id, model, battery_capacity, soc, priority_level) VALUES (37, 24, 'Coleman-Goodwin Model Y', 65.6, 80.99, 2);
INSERT INTO EVs (ev_id, owner_id, model, battery_capacity, soc, priority_level) VALUES (38, 25, 'Kelly, Martin and Conner Model 3', 52.64, 58.57, 4);
INSERT INTO EVs (ev_id, owner_id, model, battery_capacity, soc, priority_level) VALUES (39, 42, 'Hunt Ltd Model X', 94.89, 44.22, 4);
INSERT INTO EVs (ev_id, owner_id, model, battery_capacity, soc, priority_level) VALUES (40, 40, 'Duncan and Sons Model 3', 60.43, 82.52, 1);
INSERT INTO EVs (ev_id, owner_id, model, battery_capacity, soc, priority_level) VALUES (41, 10, 'Mcguire, Yoder and Kim Model 3', 67.38, 38.44, 3);
INSERT INTO EVs (ev_id, owner_id, model, battery_capacity, soc, priority_level) VALUES (42, 24, 'Nelson-Barr Model S', 40.99, 97.94, 2);
INSERT INTO EVs (ev_id, owner_id, model, battery_capacity, soc, priority_level) VALUES (43, 36, 'Garcia, Martin and Hall Model Y', 75.76, 62.73, 5);
INSERT INTO EVs (ev_id, owner_id, model, battery_capacity, soc, priority_level) VALUES (44, 10, 'Young Ltd Model X', 69.65, 78.77, 1);
INSERT INTO EVs (ev_id, owner_id, model, battery_capacity, soc, priority_level) VALUES (45, 22, 'Nguyen-Stone Model Y', 93.49, 67.33, 1);
INSERT INTO EVs (ev_id, owner_id, model, battery_capacity, soc, priority_level) VALUES (46, 5, 'Johnson Group Model X', 59.0, 88.12, 4);
INSERT INTO EVs (ev_id, owner_id, model, battery_capacity, soc, priority_level) VALUES (47, 3, 'Bright, Mcdowell and Luna Model X', 59.41, 50.25, 4);
INSERT INTO EVs (ev_id, owner_id, model, battery_capacity, soc, priority_level) VALUES (48, 39, 'Wells and Sons Model X', 55.99, 41.56, 2);
INSERT INTO EVs (ev_id, owner_id, model, battery_capacity, soc, priority_level) VALUES (49, 8, 'Chen PLC Model S', 89.34, 99.53, 1);
INSERT INTO EVs (ev_id, owner_id, model, battery_capacity, soc, priority_level) VALUES (50, 35, 'Hanson and Sons Model X', 44.15, 95.4, 2);
INSERT INTO EVs (ev_id, owner_id, model, battery_capacity, soc, priority_level) VALUES (51, 18, 'Butler, Melton and Evans Model 3', 53.51, 43.57, 5);
INSERT INTO EVs (ev_id, owner_id, model, battery_capacity, soc, priority_level) VALUES (52, 47, 'Ballard, Shaw and Townsend Model S', 94.84, 51.75, 4);
INSERT INTO EVs (ev_id, owner_id, model, battery_capacity, soc, priority_level) VALUES (53, 8, 'Thornton LLC Model Y', 47.1, 15.95, 4);
INSERT INTO EVs (ev_id, owner_id, model, battery_capacity, soc, priority_level) VALUES (54, 49, 'Costa-Baker Model 3', 64.21, 74.83, 1);
INSERT INTO EVs (ev_id, owner_id, model, battery_capacity, soc, priority_level) VALUES (55, 26, 'Little, Garcia and Jackson Model S', 88.7, 13.81, 4);
INSERT INTO EVs (ev_id, owner_id, model, battery_capacity, soc, priority_level) VALUES (56, 3, 'Wright Ltd Model 3', 63.56, 90.5, 4);
INSERT INTO EVs (ev_id, owner_id, model, battery_capacity, soc, priority_level) VALUES (57, 11, 'Reyes, Wise and Soto Model X', 51.61, 67.92, 5);
INSERT INTO EVs (ev_id, owner_id, model, battery_capacity, soc, priority_level) VALUES (58, 30, 'Ford, Gaines and Woodard Model S', 93.85, 13.49, 4);
INSERT INTO EVs (ev_id, owner_id, model, battery_capacity, soc, priority_level) VALUES (59, 12, 'Peters, Donovan and Miller Model X', 83.17, 92.15, 2);
INSERT INTO EVs (ev_id, owner_id, model, battery_capacity, soc, priority_level) VALUES (60, 13, 'Johnson, Hale and Daniel Model X', 87.5, 16.32, 5);
INSERT INTO EVs (ev_id, owner_id, model, battery_capacity, soc, priority_level) VALUES (61, 40, 'Juarez-Kelly Model X', 71.52, 64.59, 5);
INSERT INTO EVs (ev_id, owner_id, model, battery_capacity, soc, priority_level) VALUES (62, 39, 'Clark, Jones and Hubbard Model S', 81.65, 51.59, 5);
INSERT INTO EVs (ev_id, owner_id, model, battery_capacity, soc, priority_level) VALUES (63, 18, 'White PLC Model 3', 75.91, 53.14, 1);
INSERT INTO EVs (ev_id, owner_id, model, battery_capacity, soc, priority_level) VALUES (64, 18, 'Williams, Sullivan and Tucker Model Y', 68.73, 93.87, 5);
INSERT INTO EVs (ev_id, owner_id, model, battery_capacity, soc, priority_level) VALUES (65, 20, 'Lambert and Sons Model S', 59.09, 58.3, 4);
INSERT INTO EVs (ev_id, owner_id, model, battery_capacity, soc, priority_level) VALUES (66, 5, 'Moore, Johnson and Murphy Model S', 68.75, 82.39, 5);
INSERT INTO EVs (ev_id, owner_id, model, battery_capacity, soc, priority_level) VALUES (67, 8, 'Matthews, Wade and Washington Model X', 43.36, 46.28, 2);
INSERT INTO EVs (ev_id, owner_id, model, battery_capacity, soc, priority_level) VALUES (68, 44, 'Bradley, Bell and Thornton Model Y', 48.53, 85.74, 1);
INSERT INTO EVs (ev_id, owner_id, model, battery_capacity, soc, priority_level) VALUES (69, 5, 'Marks, Gibson and Hardy Model Y', 85.26, 67.34, 3);
INSERT INTO EVs (ev_id, owner_id, model, battery_capacity, soc, priority_level) VALUES (70, 39, 'Allen-Ramos Model S', 41.99, 29.36, 3);
INSERT INTO EVs (ev_id, owner_id, model, battery_capacity, soc, priority_level) VALUES (71, 9, 'Logan, Barnett and Miles Model 3', 67.51, 65.39, 1);
INSERT INTO EVs (ev_id, owner_id, model, battery_capacity, soc, priority_level) VALUES (72, 32, 'Mann, Ruiz and Garcia Model Y', 71.68, 58.01, 4);
INSERT INTO EVs (ev_id, owner_id, model, battery_capacity, soc, priority_level) VALUES (73, 35, 'Knight, Reynolds and Johnson Model Y', 52.1, 56.83, 3);
INSERT INTO EVs (ev_id, owner_id, model, battery_capacity, soc, priority_level) VALUES (74, 10, 'Warner and Sons Model 3', 58.6, 13.28, 5);
INSERT INTO EVs (ev_id, owner_id, model, battery_capacity, soc, priority_level) VALUES (75, 29, 'Savage Ltd Model S', 82.93, 86.42, 2);
INSERT INTO EVs (ev_id, owner_id, model, battery_capacity, soc, priority_level) VALUES (76, 33, 'Archer-Fields Model Y', 97.69, 46.78, 4);
INSERT INTO EVs (ev_id, owner_id, model, battery_capacity, soc, priority_level) VALUES (77, 18, 'Galvan-Hester Model S', 63.85, 88.85, 5);
INSERT INTO EVs (ev_id, owner_id, model, battery_capacity, soc, priority_level) VALUES (78, 45, 'Scott LLC Model Y', 45.98, 43.28, 3);
INSERT INTO EVs (ev_id, owner_id, model, battery_capacity, soc, priority_level) VALUES (79, 39, 'Silva-Lester Model Y', 73.48, 75.66, 2);
INSERT INTO EVs (ev_id, owner_id, model, battery_capacity, soc, priority_level) VALUES (80, 46, 'Santana, Caldwell and Church Model Y', 71.76, 59.22, 5);
INSERT INTO EVs (ev_id, owner_id, model, battery_capacity, soc, priority_level) VALUES (81, 4, 'Evans Group Model X', 93.44, 66.31, 1);
INSERT INTO EVs (ev_id, owner_id, model, battery_capacity, soc, priority_level) VALUES (82, 24, 'Cunningham-Warren Model X', 47.49, 31.86, 2);
INSERT INTO EVs (ev_id, owner_id, model, battery_capacity, soc, priority_level) VALUES (83, 24, 'Murphy, Brown and Johnson Model X', 59.48, 46.48, 5);
INSERT INTO EVs (ev_id, owner_id, model, battery_capacity, soc, priority_level) VALUES (84, 29, 'Leonard Ltd Model Y', 79.27, 20.32, 2);
INSERT INTO EVs (ev_id, owner_id, model, battery_capacity, soc, priority_level) VALUES (85, 26, 'Young Ltd Model Y', 42.97, 77.71, 5);
INSERT INTO EVs (ev_id, owner_id, model, battery_capacity, soc, priority_level) VALUES (86, 7, 'Booth, Anderson and Wall Model X', 97.74, 35.85, 5);
INSERT INTO EVs (ev_id, owner_id, model, battery_capacity, soc, priority_level) VALUES (87, 14, 'Bradley-Murphy Model X', 97.05, 70.67, 1);
INSERT INTO EVs (ev_id, owner_id, model, battery_capacity, soc, priority_level) VALUES (88, 24, 'French-Herrera Model 3', 45.98, 91.53, 5);
INSERT INTO EVs (ev_id, owner_id, model, battery_capacity, soc, priority_level) VALUES (89, 31, 'Holmes LLC Model 3', 73.88, 27.95, 1);
INSERT INTO EVs (ev_id, owner_id, model, battery_capacity, soc, priority_level) VALUES (90, 40, 'Nguyen-Warren Model X', 87.9, 95.12, 5);
INSERT INTO EVs (ev_id, owner_id, model, battery_capacity, soc, priority_level) VALUES (91, 11, 'Ibarra Inc Model Y', 84.06, 32.62, 4);
INSERT INTO EVs (ev_id, owner_id, model, battery_capacity, soc, priority_level) VALUES (92, 24, 'Smith, Jones and Ramos Model Y', 59.35, 74.42, 5);
INSERT INTO EVs (ev_id, owner_id, model, battery_capacity, soc, priority_level) VALUES (93, 4, 'Rodriguez Inc Model X', 81.66, 64.71, 3);
INSERT INTO EVs (ev_id, owner_id, model, battery_capacity, soc, priority_level) VALUES (94, 47, 'Ball LLC Model 3', 48.25, 44.09, 5);
INSERT INTO EVs (ev_id, owner_id, model, battery_capacity, soc, priority_level) VALUES (95, 6, 'Black-Jenkins Model S', 84.25, 10.17, 1);
INSERT INTO EVs (ev_id, owner_id, model, battery_capacity, soc, priority_level) VALUES (96, 4, 'Meza Group Model S', 43.86, 14.14, 5);
INSERT INTO EVs (ev_id, owner_id, model, battery_capacity, soc, priority_level) VALUES (97, 50, 'Bradshaw-Smith Model X', 64.28, 67.05, 2);
INSERT INTO EVs (ev_id, owner_id, model, battery_capacity, soc, priority_level) VALUES (98, 19, 'Davis-Hunter Model 3', 88.22, 79.5, 5);
INSERT INTO EVs (ev_id, owner_id, model, battery_capacity, soc, priority_level) VALUES (99, 6, 'Robinson Inc Model Y', 51.39, 57.5, 2);
INSERT INTO EVs (ev_id, owner_id, model, battery_capacity, soc, priority_level) VALUES (100, 19, 'Ray, Vaughn and Young Model Y', 58.66, 41.54, 1);

INSERT INTO ChargingStations (station_id, location, total_slots, available_slots) VALUES (1, 'Michaelside', 18, 7);
INSERT INTO ChargingStations (station_id, location, total_slots, available_slots) VALUES (2, 'Timburgh', 10, 1);
INSERT INTO ChargingStations (station_id, location, total_slots, available_slots) VALUES (3, 'Fitzgeraldborough', 13, 12);
INSERT INTO ChargingStations (station_id, location, total_slots, available_slots) VALUES (4, 'Josephburgh', 5, 3);
INSERT INTO ChargingStations (station_id, location, total_slots, available_slots) VALUES (5, 'Lake Kathy', 19, 11);
INSERT INTO ChargingStations (station_id, location, total_slots, available_slots) VALUES (6, 'West Coryport', 20, 5);
INSERT INTO ChargingStations (station_id, location, total_slots, available_slots) VALUES (7, 'Jodyberg', 11, 8);
INSERT INTO ChargingStations (station_id, location, total_slots, available_slots) VALUES (8, 'Christineburgh', 6, 0);
INSERT INTO ChargingStations (station_id, location, total_slots, available_slots) VALUES (9, 'Millerberg', 7, 4);
INSERT INTO ChargingStations (station_id, location, total_slots, available_slots) VALUES (10, 'Mcknightfort', 7, 2);

INSERT INTO ChargingSessions (session_id, ev_id, station_id, start_time, end_time, energy_used, cost) VALUES (1, 15, 5, '2024-08-22 02:20:30', '2024-08-22 04:42:54.963818', 48.19, 15.53);
INSERT INTO ChargingSessions (session_id, ev_id, station_id, start_time, end_time, energy_used, cost) VALUES (2, 62, 3, '2024-09-03 18:14:03', '2024-09-03 19:25:58.296161', 5.19, 2.18);
INSERT INTO ChargingSessions (session_id, ev_id, station_id, start_time, end_time, energy_used, cost) VALUES (3, 11, 10, '2024-08-22 09:20:02', '2024-08-22 11:29:17.581802', 13.01, 5.73);
INSERT INTO ChargingSessions (session_id, ev_id, station_id, start_time, end_time, energy_used, cost) VALUES (4, 2, 3, '2024-09-03 05:24:56', '2024-09-03 07:07:29.155590', 27.88, 7.33);
INSERT INTO ChargingSessions (session_id, ev_id, station_id, start_time, end_time, energy_used, cost) VALUES (5, 97, 9, '2024-08-18 13:42:11', '2024-08-18 14:52:17.164328', 17.66, 5.32);
INSERT INTO ChargingSessions (session_id, ev_id, station_id, start_time, end_time, energy_used, cost) VALUES (6, 79, 9, '2024-08-26 14:01:14', '2024-08-26 16:31:06.031796', 45.0, 13.22);
INSERT INTO ChargingSessions (session_id, ev_id, station_id, start_time, end_time, energy_used, cost) VALUES (7, 96, 6, '2024-08-18 23:44:02', '2024-08-19 02:14:48.875720', 48.76, 14.56);
INSERT INTO ChargingSessions (session_id, ev_id, station_id, start_time, end_time, energy_used, cost) VALUES (8, 94, 7, '2024-09-03 02:24:48', '2024-09-03 04:01:57.919381', 41.24, 16.01);
INSERT INTO ChargingSessions (session_id, ev_id, station_id, start_time, end_time, energy_used, cost) VALUES (9, 52, 9, '2024-09-11 16:48:29', '2024-09-11 19:25:57.319505', 14.83, 6.09);
INSERT INTO ChargingSessions (session_id, ev_id, station_id, start_time, end_time, energy_used, cost) VALUES (10, 93, 2, '2024-09-01 05:00:41', '2024-09-01 07:26:17.741796', 33.88, 8.71);
INSERT INTO ChargingSessions (session_id, ev_id, station_id, start_time, end_time, energy_used, cost) VALUES (11, 67, 8, '2024-08-22 21:35:54', '2024-08-22 23:17:06.247708', 19.09, 5.52);
INSERT INTO ChargingSessions (session_id, ev_id, station_id, start_time, end_time, energy_used, cost) VALUES (12, 25, 2, '2024-09-13 00:36:42', '2024-09-13 02:03:51.949967', 48.32, 13.04);
INSERT INTO ChargingSessions (session_id, ev_id, station_id, start_time, end_time, energy_used, cost) VALUES (13, 69, 8, '2024-09-02 08:38:47', '2024-09-02 10:31:05.455249', 8.29, 3.02);
INSERT INTO ChargingSessions (session_id, ev_id, station_id, start_time, end_time, energy_used, cost) VALUES (14, 54, 7, '2024-09-03 21:24:52', '2024-09-04 00:08:19.726094', 43.24, 19.79);
INSERT INTO ChargingSessions (session_id, ev_id, station_id, start_time, end_time, energy_used, cost) VALUES (15, 23, 10, '2024-09-10 19:20:43', '2024-09-10 21:15:00.550055', 23.9, 3.71);
INSERT INTO ChargingSessions (session_id, ev_id, station_id, start_time, end_time, energy_used, cost) VALUES (16, 98, 1, '2024-09-10 14:25:24', '2024-09-10 15:00:03.944839', 7.5, 2.52);
INSERT INTO ChargingSessions (session_id, ev_id, station_id, start_time, end_time, energy_used, cost) VALUES (17, 20, 9, '2024-09-06 06:28:15', '2024-09-06 09:15:09.247687', 8.42, 2.26);
INSERT INTO ChargingSessions (session_id, ev_id, station_id, start_time, end_time, energy_used, cost) VALUES (18, 89, 4, '2024-09-11 12:11:09', '2024-09-11 13:12:08.726711', 30.17, 12.45);
INSERT INTO ChargingSessions (session_id, ev_id, station_id, start_time, end_time, energy_used, cost) VALUES (19, 91, 6, '2024-08-17 12:26:00', '2024-08-17 14:24:30.616034', 41.49, 12.9);
INSERT INTO ChargingSessions (session_id, ev_id, station_id, start_time, end_time, energy_used, cost) VALUES (20, 65, 7, '2024-08-22 02:04:40', '2024-08-22 04:18:55.495821', 34.0, 16.58);
INSERT INTO ChargingSessions (session_id, ev_id, station_id, start_time, end_time, energy_used, cost) VALUES (21, 38, 4, '2024-09-07 20:47:14', '2024-09-07 23:16:14.010429', 41.78, 19.79);
INSERT INTO ChargingSessions (session_id, ev_id, station_id, start_time, end_time, energy_used, cost) VALUES (22, 51, 10, '2024-09-14 02:09:59', '2024-09-14 05:04:57.396794', 14.78, 7.33);
INSERT INTO ChargingSessions (session_id, ev_id, station_id, start_time, end_time, energy_used, cost) VALUES (23, 83, 2, '2024-08-16 21:46:03', '2024-08-17 00:31:51.623115', 43.01, 18.87);
INSERT INTO ChargingSessions (session_id, ev_id, station_id, start_time, end_time, energy_used, cost) VALUES (24, 71, 6, '2024-09-08 00:39:43', '2024-09-08 03:32:22.061311', 9.85, 2.36);
INSERT INTO ChargingSessions (session_id, ev_id, station_id, start_time, end_time, energy_used, cost) VALUES (25, 24, 10, '2024-08-25 04:31:21', '2024-08-25 06:56:31.342460', 49.27, 13.86);
INSERT INTO ChargingSessions (session_id, ev_id, station_id, start_time, end_time, energy_used, cost) VALUES (26, 65, 2, '2024-08-24 16:11:13', '2024-08-24 17:40:55.575536', 49.81, 23.25);
INSERT INTO ChargingSessions (session_id, ev_id, station_id, start_time, end_time, energy_used, cost) VALUES (27, 3, 4, '2024-09-03 11:11:35', '2024-09-03 12:34:37.276277', 46.49, 10.02);
INSERT INTO ChargingSessions (session_id, ev_id, station_id, start_time, end_time, energy_used, cost) VALUES (28, 87, 8, '2024-09-02 04:42:05', '2024-09-02 05:20:08.819729', 22.76, 4.59);
INSERT INTO ChargingSessions (session_id, ev_id, station_id, start_time, end_time, energy_used, cost) VALUES (29, 76, 8, '2024-09-02 15:47:30', '2024-09-02 16:53:10.702243', 12.53, 3.93);
INSERT INTO ChargingSessions (session_id, ev_id, station_id, start_time, end_time, energy_used, cost) VALUES (30, 29, 9, '2024-09-03 06:25:05', '2024-09-03 08:51:52.732487', 36.49, 17.93);
INSERT INTO ChargingSessions (session_id, ev_id, station_id, start_time, end_time, energy_used, cost) VALUES (31, 41, 8, '2024-08-25 15:23:52', '2024-08-25 17:45:27.338595', 28.26, 14.05);
INSERT INTO ChargingSessions (session_id, ev_id, station_id, start_time, end_time, energy_used, cost) VALUES (32, 76, 1, '2024-09-07 04:14:09', '2024-09-07 06:17:20.871601', 11.36, 4.69);
INSERT INTO ChargingSessions (session_id, ev_id, station_id, start_time, end_time, energy_used, cost) VALUES (33, 94, 9, '2024-09-01 05:37:49', '2024-09-01 07:30:39.564972', 31.66, 15.37);
INSERT INTO ChargingSessions (session_id, ev_id, station_id, start_time, end_time, energy_used, cost) VALUES (34, 5, 10, '2024-08-30 20:49:23', '2024-08-30 22:17:34.287466', 24.45, 3.46);
INSERT INTO ChargingSessions (session_id, ev_id, station_id, start_time, end_time, energy_used, cost) VALUES (35, 23, 10, '2024-08-19 20:17:49', '2024-08-19 22:18:56.006128', 10.78, 5.0);
INSERT INTO ChargingSessions (session_id, ev_id, station_id, start_time, end_time, energy_used, cost) VALUES (36, 40, 4, '2024-09-10 07:29:01', '2024-09-10 09:29:56.074969', 31.23, 10.54);
INSERT INTO ChargingSessions (session_id, ev_id, station_id, start_time, end_time, energy_used, cost) VALUES (37, 26, 9, '2024-08-31 18:52:33', '2024-08-31 20:20:25.736918', 41.34, 9.18);
INSERT INTO ChargingSessions (session_id, ev_id, station_id, start_time, end_time, energy_used, cost) VALUES (38, 56, 4, '2024-08-28 08:35:42', '2024-08-28 09:13:33.716706', 34.12, 11.82);
INSERT INTO ChargingSessions (session_id, ev_id, station_id, start_time, end_time, energy_used, cost) VALUES (39, 92, 2, '2024-08-15 20:43:09', '2024-08-15 23:28:37.875327', 31.82, 8.36);
INSERT INTO ChargingSessions (session_id, ev_id, station_id, start_time, end_time, energy_used, cost) VALUES (40, 56, 3, '2024-09-11 21:36:51', '2024-09-12 00:01:10.905464', 14.77, 6.73);
INSERT INTO ChargingSessions (session_id, ev_id, station_id, start_time, end_time, energy_used, cost) VALUES (41, 67, 2, '2024-08-24 21:18:11', '2024-08-25 00:05:04.202430', 26.62, 3.3);
INSERT INTO ChargingSessions (session_id, ev_id, station_id, start_time, end_time, energy_used, cost) VALUES (42, 13, 2, '2024-09-09 10:27:46', '2024-09-09 11:09:46.028720', 39.22, 16.75);
INSERT INTO ChargingSessions (session_id, ev_id, station_id, start_time, end_time, energy_used, cost) VALUES (43, 80, 9, '2024-09-09 02:54:57', '2024-09-09 04:12:27.512299', 17.22, 6.86);
INSERT INTO ChargingSessions (session_id, ev_id, station_id, start_time, end_time, energy_used, cost) VALUES (44, 61, 7, '2024-08-20 11:26:39', '2024-08-20 13:59:19.443474', 34.28, 15.79);
INSERT INTO ChargingSessions (session_id, ev_id, station_id, start_time, end_time, energy_used, cost) VALUES (45, 63, 2, '2024-08-29 01:13:49', '2024-08-29 04:01:55.835288', 15.59, 3.73);
INSERT INTO ChargingSessions (session_id, ev_id, station_id, start_time, end_time, energy_used, cost) VALUES (46, 77, 4, '2024-08-24 09:03:35', '2024-08-24 09:56:05.384147', 23.94, 3.42);
INSERT INTO ChargingSessions (session_id, ev_id, station_id, start_time, end_time, energy_used, cost) VALUES (47, 3, 8, '2024-09-11 22:11:21', '2024-09-12 00:10:20.208855', 10.93, 2.89);
INSERT INTO ChargingSessions (session_id, ev_id, station_id, start_time, end_time, energy_used, cost) VALUES (48, 20, 5, '2024-08-19 09:53:39', '2024-08-19 11:10:59.664195', 13.82, 2.94);
INSERT INTO ChargingSessions (session_id, ev_id, station_id, start_time, end_time, energy_used, cost) VALUES (49, 87, 2, '2024-09-05 09:28:12', '2024-09-05 11:24:04.198219', 11.93, 5.84);
INSERT INTO ChargingSessions (session_id, ev_id, station_id, start_time, end_time, energy_used, cost) VALUES (50, 37, 10, '2024-08-19 20:46:33', '2024-08-19 22:28:08.122018', 15.0, 2.51);
INSERT INTO ChargingSessions (session_id, ev_id, station_id, start_time, end_time, energy_used, cost) VALUES (51, 62, 8, '2024-08-31 23:38:09', '2024-09-01 00:32:11.110649', 43.53, 12.35);
INSERT INTO ChargingSessions (session_id, ev_id, station_id, start_time, end_time, energy_used, cost) VALUES (52, 5, 4, '2024-08-20 06:32:42', '2024-08-20 07:43:16.900174', 7.19, 2.09);
INSERT INTO ChargingSessions (session_id, ev_id, station_id, start_time, end_time, energy_used, cost) VALUES (53, 46, 4, '2024-08-15 11:08:15', '2024-08-15 13:09:29.806770', 9.09, 2.54);
INSERT INTO ChargingSessions (session_id, ev_id, station_id, start_time, end_time, energy_used, cost) VALUES (54, 84, 5, '2024-09-11 21:39:07', '2024-09-12 00:35:09.926369', 7.63, 1.22);
INSERT INTO ChargingSessions (session_id, ev_id, station_id, start_time, end_time, energy_used, cost) VALUES (55, 33, 10, '2024-08-28 23:48:08', '2024-08-29 01:44:48.584759', 6.91, 3.34);
INSERT INTO ChargingSessions (session_id, ev_id, station_id, start_time, end_time, energy_used, cost) VALUES (56, 88, 5, '2024-08-15 14:31:26', '2024-08-15 17:18:02.736664', 13.97, 3.01);
INSERT INTO ChargingSessions (session_id, ev_id, station_id, start_time, end_time, energy_used, cost) VALUES (57, 60, 8, '2024-08-24 20:15:42', '2024-08-24 23:00:42.709660', 32.01, 4.37);
INSERT INTO ChargingSessions (session_id, ev_id, station_id, start_time, end_time, energy_used, cost) VALUES (58, 86, 1, '2024-08-26 13:27:01', '2024-08-26 15:59:35.094178', 38.25, 10.22);
INSERT INTO ChargingSessions (session_id, ev_id, station_id, start_time, end_time, energy_used, cost) VALUES (59, 1, 5, '2024-09-12 08:36:02', '2024-09-12 11:19:58.619913', 19.91, 9.61);
INSERT INTO ChargingSessions (session_id, ev_id, station_id, start_time, end_time, energy_used, cost) VALUES (60, 43, 7, '2024-08-26 06:59:40', '2024-08-26 08:40:53.593580', 9.05, 0.93);
INSERT INTO ChargingSessions (session_id, ev_id, station_id, start_time, end_time, energy_used, cost) VALUES (61, 43, 10, '2024-08-22 14:40:14', '2024-08-22 16:19:25.187609', 41.98, 17.33);
INSERT INTO ChargingSessions (session_id, ev_id, station_id, start_time, end_time, energy_used, cost) VALUES (62, 71, 2, '2024-09-07 08:14:46', '2024-09-07 10:37:26.172317', 43.71, 19.53);
INSERT INTO ChargingSessions (session_id, ev_id, station_id, start_time, end_time, energy_used, cost) VALUES (63, 34, 4, '2024-09-12 23:00:54', '2024-09-13 01:30:22.264794', 25.7, 6.87);
INSERT INTO ChargingSessions (session_id, ev_id, station_id, start_time, end_time, energy_used, cost) VALUES (64, 81, 4, '2024-09-11 08:20:25', '2024-09-11 10:03:31.301781', 47.37, 22.57);
INSERT INTO ChargingSessions (session_id, ev_id, station_id, start_time, end_time, energy_used, cost) VALUES (65, 63, 5, '2024-08-17 17:47:44', '2024-08-17 20:16:20.335049', 33.01, 9.71);
INSERT INTO ChargingSessions (session_id, ev_id, station_id, start_time, end_time, energy_used, cost) VALUES (66, 59, 5, '2024-09-13 01:47:34', '2024-09-13 03:54:40.709164', 34.13, 7.56);
INSERT INTO ChargingSessions (session_id, ev_id, station_id, start_time, end_time, energy_used, cost) VALUES (67, 46, 7, '2024-09-09 17:59:08', '2024-09-09 20:23:44.733790', 35.19, 9.35);
INSERT INTO ChargingSessions (session_id, ev_id, station_id, start_time, end_time, energy_used, cost) VALUES (68, 11, 4, '2024-08-19 17:54:37', '2024-08-19 18:42:58.410399', 35.28, 13.89);
INSERT INTO ChargingSessions (session_id, ev_id, station_id, start_time, end_time, energy_used, cost) VALUES (69, 100, 4, '2024-08-22 18:27:14', '2024-08-22 19:28:28.902200', 35.66, 12.41);
INSERT INTO ChargingSessions (session_id, ev_id, station_id, start_time, end_time, energy_used, cost) VALUES (70, 50, 4, '2024-08-27 23:53:54', '2024-08-28 01:46:43.267777', 20.01, 4.48);
INSERT INTO ChargingSessions (session_id, ev_id, station_id, start_time, end_time, energy_used, cost) VALUES (71, 39, 7, '2024-09-05 07:08:06', '2024-09-05 08:12:18.197043', 39.88, 7.62);
INSERT INTO ChargingSessions (session_id, ev_id, station_id, start_time, end_time, energy_used, cost) VALUES (72, 78, 5, '2024-08-28 19:52:15', '2024-08-28 20:37:18.768332', 12.6, 2.67);
INSERT INTO ChargingSessions (session_id, ev_id, station_id, start_time, end_time, energy_used, cost) VALUES (73, 93, 10, '2024-08-20 21:22:01', '2024-08-20 22:47:23.506532', 5.35, 1.11);
INSERT INTO ChargingSessions (session_id, ev_id, station_id, start_time, end_time, energy_used, cost) VALUES (74, 39, 3, '2024-08-27 04:11:39', '2024-08-27 07:11:07.948426', 14.45, 4.45);
INSERT INTO ChargingSessions (session_id, ev_id, station_id, start_time, end_time, energy_used, cost) VALUES (75, 10, 10, '2024-08-28 18:51:23', '2024-08-28 19:35:35.285513', 46.23, 10.12);
INSERT INTO ChargingSessions (session_id, ev_id, station_id, start_time, end_time, energy_used, cost) VALUES (76, 76, 7, '2024-09-07 09:11:25', '2024-09-07 10:32:48.701475', 13.62, 5.63);
INSERT INTO ChargingSessions (session_id, ev_id, station_id, start_time, end_time, energy_used, cost) VALUES (77, 38, 9, '2024-08-25 16:48:42', '2024-08-25 18:51:24.160298', 44.24, 22.03);
INSERT INTO ChargingSessions (session_id, ev_id, station_id, start_time, end_time, energy_used, cost) VALUES (78, 54, 5, '2024-09-06 14:06:20', '2024-09-06 16:17:18.662324', 47.56, 13.77);
INSERT INTO ChargingSessions (session_id, ev_id, station_id, start_time, end_time, energy_used, cost) VALUES (79, 94, 5, '2024-09-06 05:23:58', '2024-09-06 06:23:21.752916', 25.87, 2.81);
INSERT INTO ChargingSessions (session_id, ev_id, station_id, start_time, end_time, energy_used, cost) VALUES (80, 42, 10, '2024-09-11 11:50:22', '2024-09-11 14:08:42.919510', 17.77, 2.54);
INSERT INTO ChargingSessions (session_id, ev_id, station_id, start_time, end_time, energy_used, cost) VALUES (81, 80, 1, '2024-09-11 02:51:42', '2024-09-11 03:32:56.368758', 28.08, 7.13);
INSERT INTO ChargingSessions (session_id, ev_id, station_id, start_time, end_time, energy_used, cost) VALUES (82, 60, 5, '2024-09-09 05:26:59', '2024-09-09 05:59:39.155376', 48.19, 6.66);
INSERT INTO ChargingSessions (session_id, ev_id, station_id, start_time, end_time, energy_used, cost) VALUES (83, 25, 3, '2024-09-08 10:06:53', '2024-09-08 12:17:37.735095', 44.4, 13.52);
INSERT INTO ChargingSessions (session_id, ev_id, station_id, start_time, end_time, energy_used, cost) VALUES (84, 44, 9, '2024-08-24 21:56:29', '2024-08-24 23:51:20.661370', 35.32, 14.81);
INSERT INTO ChargingSessions (session_id, ev_id, station_id, start_time, end_time, energy_used, cost) VALUES (85, 99, 1, '2024-09-05 16:01:28', '2024-09-05 17:47:25.907354', 23.93, 3.26);
INSERT INTO ChargingSessions (session_id, ev_id, station_id, start_time, end_time, energy_used, cost) VALUES (86, 5, 2, '2024-09-07 13:30:41', '2024-09-07 16:23:04.181630', 33.09, 15.45);
INSERT INTO ChargingSessions (session_id, ev_id, station_id, start_time, end_time, energy_used, cost) VALUES (87, 36, 2, '2024-09-03 19:26:58', '2024-09-03 21:06:35.640187', 7.42, 2.83);
INSERT INTO ChargingSessions (session_id, ev_id, station_id, start_time, end_time, energy_used, cost) VALUES (88, 12, 8, '2024-08-30 14:05:23', '2024-08-30 15:20:59.798843', 5.12, 1.53);
INSERT INTO ChargingSessions (session_id, ev_id, station_id, start_time, end_time, energy_used, cost) VALUES (89, 30, 10, '2024-08-23 09:39:41', '2024-08-23 10:50:20.684504', 20.11, 4.13);
INSERT INTO ChargingSessions (session_id, ev_id, station_id, start_time, end_time, energy_used, cost) VALUES (90, 56, 3, '2024-08-21 07:39:13', '2024-08-21 09:50:20.740246', 24.52, 4.5);
INSERT INTO ChargingSessions (session_id, ev_id, station_id, start_time, end_time, energy_used, cost) VALUES (91, 72, 4, '2024-09-08 00:36:14', '2024-09-08 02:18:51.787778', 11.36, 4.08);
INSERT INTO ChargingSessions (session_id, ev_id, station_id, start_time, end_time, energy_used, cost) VALUES (92, 46, 3, '2024-08-29 23:25:40', '2024-08-30 02:13:13.836821', 8.11, 0.88);
INSERT INTO ChargingSessions (session_id, ev_id, station_id, start_time, end_time, energy_used, cost) VALUES (93, 56, 9, '2024-08-24 18:37:35', '2024-08-24 20:43:52.598718', 16.17, 6.35);
INSERT INTO ChargingSessions (session_id, ev_id, station_id, start_time, end_time, energy_used, cost) VALUES (94, 31, 8, '2024-09-02 13:37:49', '2024-09-02 16:24:00.838742', 32.88, 14.94);
INSERT INTO ChargingSessions (session_id, ev_id, station_id, start_time, end_time, energy_used, cost) VALUES (95, 43, 8, '2024-09-02 04:13:26', '2024-09-02 04:54:57.174697', 22.1, 6.32);
INSERT INTO ChargingSessions (session_id, ev_id, station_id, start_time, end_time, energy_used, cost) VALUES (96, 98, 7, '2024-08-20 04:52:13', '2024-08-20 06:01:19.237446', 43.8, 13.87);
INSERT INTO ChargingSessions (session_id, ev_id, station_id, start_time, end_time, energy_used, cost) VALUES (97, 2, 9, '2024-08-19 22:48:03', '2024-08-20 00:15:14.020607', 28.14, 4.07);
INSERT INTO ChargingSessions (session_id, ev_id, station_id, start_time, end_time, energy_used, cost) VALUES (98, 82, 7, '2024-09-11 19:18:57', '2024-09-11 20:18:31.117650', 20.32, 5.63);
INSERT INTO ChargingSessions (session_id, ev_id, station_id, start_time, end_time, energy_used, cost) VALUES (99, 15, 7, '2024-09-06 22:38:48', '2024-09-07 00:48:59.388937', 19.84, 3.9);
INSERT INTO ChargingSessions (session_id, ev_id, station_id, start_time, end_time, energy_used, cost) VALUES (100, 86, 8, '2024-09-03 23:16:35', '2024-09-04 00:45:44.767215', 24.19, 10.36);
INSERT INTO ChargingSessions (session_id, ev_id, station_id, start_time, end_time, energy_used, cost) VALUES (101, 83, 5, '2024-09-13 21:49:37', '2024-09-14 00:42:20.150289', 38.65, 11.09);
INSERT INTO ChargingSessions (session_id, ev_id, station_id, start_time, end_time, energy_used, cost) VALUES (102, 23, 3, '2024-08-19 16:09:39', '2024-08-19 17:48:20.318713', 14.21, 4.93);
INSERT INTO ChargingSessions (session_id, ev_id, station_id, start_time, end_time, energy_used, cost) VALUES (103, 5, 8, '2024-08-17 23:16:33', '2024-08-17 23:51:57.019606', 24.13, 7.17);
INSERT INTO ChargingSessions (session_id, ev_id, station_id, start_time, end_time, energy_used, cost) VALUES (104, 96, 10, '2024-08-26 00:19:52', '2024-08-26 01:08:42.355131', 39.71, 4.21);
INSERT INTO ChargingSessions (session_id, ev_id, station_id, start_time, end_time, energy_used, cost) VALUES (105, 52, 3, '2024-09-05 00:15:35', '2024-09-05 03:09:16.165725', 11.53, 4.54);
INSERT INTO ChargingSessions (session_id, ev_id, station_id, start_time, end_time, energy_used, cost) VALUES (106, 81, 6, '2024-09-01 18:43:16', '2024-09-01 20:22:23.250206', 28.0, 4.24);
INSERT INTO ChargingSessions (session_id, ev_id, station_id, start_time, end_time, energy_used, cost) VALUES (107, 12, 10, '2024-09-10 14:09:46', '2024-09-10 16:18:22.038124', 28.12, 5.17);
INSERT INTO ChargingSessions (session_id, ev_id, station_id, start_time, end_time, energy_used, cost) VALUES (108, 76, 3, '2024-08-27 06:34:40', '2024-08-27 08:09:38.691104', 18.36, 4.17);
INSERT INTO ChargingSessions (session_id, ev_id, station_id, start_time, end_time, energy_used, cost) VALUES (109, 77, 8, '2024-08-25 12:27:26', '2024-08-25 14:20:25.399268', 10.23, 3.85);
INSERT INTO ChargingSessions (session_id, ev_id, station_id, start_time, end_time, energy_used, cost) VALUES (110, 96, 7, '2024-08-17 00:37:00', '2024-08-17 03:02:29.896760', 24.58, 11.79);
INSERT INTO ChargingSessions (session_id, ev_id, station_id, start_time, end_time, energy_used, cost) VALUES (111, 9, 2, '2024-08-31 02:10:06', '2024-08-31 03:45:31.048145', 12.25, 4.72);
INSERT INTO ChargingSessions (session_id, ev_id, station_id, start_time, end_time, energy_used, cost) VALUES (112, 72, 8, '2024-08-22 18:15:53', '2024-08-22 21:08:28.466547', 11.94, 1.55);
INSERT INTO ChargingSessions (session_id, ev_id, station_id, start_time, end_time, energy_used, cost) VALUES (113, 22, 1, '2024-08-26 22:28:51', '2024-08-27 00:04:46.463780', 35.01, 17.24);
INSERT INTO ChargingSessions (session_id, ev_id, station_id, start_time, end_time, energy_used, cost) VALUES (114, 60, 1, '2024-09-11 16:00:18', '2024-09-11 17:04:30.735565', 19.79, 9.74);
INSERT INTO ChargingSessions (session_id, ev_id, station_id, start_time, end_time, energy_used, cost) VALUES (115, 3, 7, '2024-09-01 05:06:24', '2024-09-01 06:30:20.510385', 22.59, 2.83);
INSERT INTO ChargingSessions (session_id, ev_id, station_id, start_time, end_time, energy_used, cost) VALUES (116, 65, 8, '2024-08-30 10:40:16', '2024-08-30 13:01:38.880818', 5.23, 2.06);
INSERT INTO ChargingSessions (session_id, ev_id, station_id, start_time, end_time, energy_used, cost) VALUES (117, 83, 1, '2024-08-22 17:56:36', '2024-08-22 19:11:24.940375', 32.01, 14.5);
INSERT INTO ChargingSessions (session_id, ev_id, station_id, start_time, end_time, energy_used, cost) VALUES (118, 79, 3, '2024-09-04 14:36:05', '2024-09-04 16:45:35.404563', 24.32, 9.47);
INSERT INTO ChargingSessions (session_id, ev_id, station_id, start_time, end_time, energy_used, cost) VALUES (119, 20, 4, '2024-08-30 18:10:39', '2024-08-30 19:38:01.886914', 16.13, 7.66);
INSERT INTO ChargingSessions (session_id, ev_id, station_id, start_time, end_time, energy_used, cost) VALUES (120, 27, 6, '2024-08-25 06:42:44', '2024-08-25 09:02:19.910644', 34.53, 13.91);
INSERT INTO ChargingSessions (session_id, ev_id, station_id, start_time, end_time, energy_used, cost) VALUES (121, 59, 4, '2024-09-12 15:55:34', '2024-09-12 17:51:34.160429', 18.34, 3.03);
INSERT INTO ChargingSessions (session_id, ev_id, station_id, start_time, end_time, energy_used, cost) VALUES (122, 88, 3, '2024-08-17 21:53:36', '2024-08-18 00:16:18.275847', 34.74, 5.52);
INSERT INTO ChargingSessions (session_id, ev_id, station_id, start_time, end_time, energy_used, cost) VALUES (123, 18, 9, '2024-08-15 11:45:38', '2024-08-15 13:54:49.923949', 47.63, 21.03);
INSERT INTO ChargingSessions (session_id, ev_id, station_id, start_time, end_time, energy_used, cost) VALUES (124, 62, 1, '2024-09-13 00:09:34', '2024-09-13 01:33:03.700893', 43.87, 19.05);
INSERT INTO ChargingSessions (session_id, ev_id, station_id, start_time, end_time, energy_used, cost) VALUES (125, 97, 8, '2024-08-27 15:06:29', '2024-08-27 16:00:33.256437', 5.11, 1.65);
INSERT INTO ChargingSessions (session_id, ev_id, station_id, start_time, end_time, energy_used, cost) VALUES (126, 49, 8, '2024-08-21 03:51:43', '2024-08-21 05:31:24.889454', 26.2, 3.28);
INSERT INTO ChargingSessions (session_id, ev_id, station_id, start_time, end_time, energy_used, cost) VALUES (127, 61, 8, '2024-08-27 03:05:27', '2024-08-27 05:46:31.975967', 31.13, 5.56);
INSERT INTO ChargingSessions (session_id, ev_id, station_id, start_time, end_time, energy_used, cost) VALUES (128, 30, 3, '2024-09-06 18:07:29', '2024-09-06 19:35:18.501919', 23.96, 11.22);
INSERT INTO ChargingSessions (session_id, ev_id, station_id, start_time, end_time, energy_used, cost) VALUES (129, 77, 10, '2024-08-20 04:51:31', '2024-08-20 07:46:30.387125', 41.93, 17.8);
INSERT INTO ChargingSessions (session_id, ev_id, station_id, start_time, end_time, energy_used, cost) VALUES (130, 51, 4, '2024-08-26 00:42:57', '2024-08-26 01:31:16.243075', 25.04, 12.13);
INSERT INTO ChargingSessions (session_id, ev_id, station_id, start_time, end_time, energy_used, cost) VALUES (131, 2, 6, '2024-08-17 01:15:46', '2024-08-17 01:52:50.559460', 44.63, 18.59);
INSERT INTO ChargingSessions (session_id, ev_id, station_id, start_time, end_time, energy_used, cost) VALUES (132, 7, 1, '2024-09-10 20:31:15', '2024-09-10 21:03:28.083232', 23.5, 9.02);
INSERT INTO ChargingSessions (session_id, ev_id, station_id, start_time, end_time, energy_used, cost) VALUES (133, 23, 10, '2024-09-07 13:04:30', '2024-09-07 14:21:30.250891', 43.09, 18.06);
INSERT INTO ChargingSessions (session_id, ev_id, station_id, start_time, end_time, energy_used, cost) VALUES (134, 45, 5, '2024-09-05 16:44:32', '2024-09-05 18:37:41.463449', 25.36, 12.64);
INSERT INTO ChargingSessions (session_id, ev_id, station_id, start_time, end_time, energy_used, cost) VALUES (135, 18, 9, '2024-08-22 17:41:55', '2024-08-22 20:20:27.860691', 22.76, 10.29);
INSERT INTO ChargingSessions (session_id, ev_id, station_id, start_time, end_time, energy_used, cost) VALUES (136, 90, 2, '2024-09-06 04:27:50', '2024-09-06 06:35:13.917516', 14.22, 2.18);
INSERT INTO ChargingSessions (session_id, ev_id, station_id, start_time, end_time, energy_used, cost) VALUES (137, 47, 1, '2024-09-13 06:34:13', '2024-09-13 07:47:55.695765', 12.15, 5.41);
INSERT INTO ChargingSessions (session_id, ev_id, station_id, start_time, end_time, energy_used, cost) VALUES (138, 58, 1, '2024-09-04 19:21:59', '2024-09-04 22:14:22.789717', 40.12, 7.24);
INSERT INTO ChargingSessions (session_id, ev_id, station_id, start_time, end_time, energy_used, cost) VALUES (139, 80, 9, '2024-09-07 12:40:54', '2024-09-07 15:09:34.493248', 11.71, 5.48);
INSERT INTO ChargingSessions (session_id, ev_id, station_id, start_time, end_time, energy_used, cost) VALUES (140, 74, 8, '2024-08-19 07:32:57', '2024-08-19 08:29:48.565084', 8.62, 1.15);
INSERT INTO ChargingSessions (session_id, ev_id, station_id, start_time, end_time, energy_used, cost) VALUES (141, 68, 5, '2024-09-11 04:34:53', '2024-09-11 06:05:20.065295', 23.33, 4.1);
INSERT INTO ChargingSessions (session_id, ev_id, station_id, start_time, end_time, energy_used, cost) VALUES (142, 47, 6, '2024-08-16 16:19:53', '2024-08-16 17:47:08.181442', 39.34, 9.15);
INSERT INTO ChargingSessions (session_id, ev_id, station_id, start_time, end_time, energy_used, cost) VALUES (143, 92, 3, '2024-08-16 18:44:39', '2024-08-16 19:52:34.291870', 11.98, 4.24);
INSERT INTO ChargingSessions (session_id, ev_id, station_id, start_time, end_time, energy_used, cost) VALUES (144, 17, 9, '2024-08-19 04:51:01', '2024-08-19 07:22:17.736111', 29.91, 12.18);
INSERT INTO ChargingSessions (session_id, ev_id, station_id, start_time, end_time, energy_used, cost) VALUES (145, 77, 6, '2024-09-04 04:03:18', '2024-09-04 06:04:59.558980', 7.85, 2.94);
INSERT INTO ChargingSessions (session_id, ev_id, station_id, start_time, end_time, energy_used, cost) VALUES (146, 3, 8, '2024-08-16 09:11:59', '2024-08-16 11:20:13.251901', 8.59, 2.94);
INSERT INTO ChargingSessions (session_id, ev_id, station_id, start_time, end_time, energy_used, cost) VALUES (147, 43, 4, '2024-09-04 20:42:44', '2024-09-04 23:01:13.981150', 9.49, 2.63);
INSERT INTO ChargingSessions (session_id, ev_id, station_id, start_time, end_time, energy_used, cost) VALUES (148, 39, 10, '2024-08-24 12:02:37', '2024-08-24 15:02:19.257442', 11.55, 4.27);
INSERT INTO ChargingSessions (session_id, ev_id, station_id, start_time, end_time, energy_used, cost) VALUES (149, 86, 3, '2024-09-11 20:32:51', '2024-09-11 23:02:54.585010', 25.68, 11.19);
INSERT INTO ChargingSessions (session_id, ev_id, station_id, start_time, end_time, energy_used, cost) VALUES (150, 52, 4, '2024-08-19 10:02:16', '2024-08-19 11:25:56.998153', 18.49, 5.18);
INSERT INTO ChargingSessions (session_id, ev_id, station_id, start_time, end_time, energy_used, cost) VALUES (151, 77, 6, '2024-08-25 14:02:13', '2024-08-25 14:57:09.399015', 15.39, 7.46);
INSERT INTO ChargingSessions (session_id, ev_id, station_id, start_time, end_time, energy_used, cost) VALUES (152, 28, 3, '2024-08-21 20:30:57', '2024-08-21 21:46:22.087601', 29.66, 11.18);
INSERT INTO ChargingSessions (session_id, ev_id, station_id, start_time, end_time, energy_used, cost) VALUES (153, 24, 2, '2024-09-13 20:58:46', '2024-09-13 22:39:11.081555', 14.03, 6.27);
INSERT INTO ChargingSessions (session_id, ev_id, station_id, start_time, end_time, energy_used, cost) VALUES (154, 82, 5, '2024-08-20 12:17:40', '2024-08-20 14:50:44.589929', 7.15, 1.19);
INSERT INTO ChargingSessions (session_id, ev_id, station_id, start_time, end_time, energy_used, cost) VALUES (155, 11, 9, '2024-08-19 12:58:39', '2024-08-19 15:22:37.085068', 31.06, 13.17);
INSERT INTO ChargingSessions (session_id, ev_id, station_id, start_time, end_time, energy_used, cost) VALUES (156, 26, 1, '2024-08-22 09:21:36', '2024-08-22 11:36:16.687582', 18.73, 2.36);
INSERT INTO ChargingSessions (session_id, ev_id, station_id, start_time, end_time, energy_used, cost) VALUES (157, 5, 5, '2024-08-31 22:24:50', '2024-08-31 23:57:55.912678', 31.61, 15.4);
INSERT INTO ChargingSessions (session_id, ev_id, station_id, start_time, end_time, energy_used, cost) VALUES (158, 21, 8, '2024-08-17 00:09:36', '2024-08-17 00:51:29.514350', 42.94, 11.93);
INSERT INTO ChargingSessions (session_id, ev_id, station_id, start_time, end_time, energy_used, cost) VALUES (159, 23, 10, '2024-08-22 08:45:18', '2024-08-22 10:48:17.620759', 40.47, 16.1);
INSERT INTO ChargingSessions (session_id, ev_id, station_id, start_time, end_time, energy_used, cost) VALUES (160, 39, 5, '2024-09-10 23:18:13', '2024-09-11 00:38:05.474517', 35.55, 15.71);
INSERT INTO ChargingSessions (session_id, ev_id, station_id, start_time, end_time, energy_used, cost) VALUES (161, 50, 3, '2024-09-13 15:53:46', '2024-09-13 16:36:00.447032', 13.24, 6.14);
INSERT INTO ChargingSessions (session_id, ev_id, station_id, start_time, end_time, energy_used, cost) VALUES (162, 13, 3, '2024-08-19 06:59:43', '2024-08-19 09:06:04.958688', 38.42, 5.6);
INSERT INTO ChargingSessions (session_id, ev_id, station_id, start_time, end_time, energy_used, cost) VALUES (163, 69, 3, '2024-08-18 03:53:06', '2024-08-18 06:29:02.030394', 28.59, 3.45);
INSERT INTO ChargingSessions (session_id, ev_id, station_id, start_time, end_time, energy_used, cost) VALUES (164, 40, 4, '2024-08-19 00:57:12', '2024-08-19 03:17:46.118043', 5.68, 1.43);
INSERT INTO ChargingSessions (session_id, ev_id, station_id, start_time, end_time, energy_used, cost) VALUES (165, 6, 10, '2024-08-19 16:03:12', '2024-08-19 17:15:58.235174', 46.29, 17.87);
INSERT INTO ChargingSessions (session_id, ev_id, station_id, start_time, end_time, energy_used, cost) VALUES (166, 67, 6, '2024-09-10 01:29:15', '2024-09-10 02:10:23.311581', 14.23, 1.56);
INSERT INTO ChargingSessions (session_id, ev_id, station_id, start_time, end_time, energy_used, cost) VALUES (167, 42, 9, '2024-08-28 02:45:40', '2024-08-28 04:26:15.054416', 13.01, 6.12);
INSERT INTO ChargingSessions (session_id, ev_id, station_id, start_time, end_time, energy_used, cost) VALUES (168, 88, 3, '2024-08-18 09:20:44', '2024-08-18 10:58:30.100622', 22.32, 7.71);
INSERT INTO ChargingSessions (session_id, ev_id, station_id, start_time, end_time, energy_used, cost) VALUES (169, 30, 2, '2024-08-20 16:11:14', '2024-08-20 18:02:58.299524', 6.04, 2.23);
INSERT INTO ChargingSessions (session_id, ev_id, station_id, start_time, end_time, energy_used, cost) VALUES (170, 53, 5, '2024-08-26 03:52:20', '2024-08-26 04:56:08.473582', 42.09, 16.7);
INSERT INTO ChargingSessions (session_id, ev_id, station_id, start_time, end_time, energy_used, cost) VALUES (171, 49, 5, '2024-08-28 23:40:28', '2024-08-29 00:44:29.749895', 28.99, 6.69);
INSERT INTO ChargingSessions (session_id, ev_id, station_id, start_time, end_time, energy_used, cost) VALUES (172, 38, 10, '2024-09-01 05:58:31', '2024-09-01 06:28:59.175559', 43.98, 17.86);
INSERT INTO ChargingSessions (session_id, ev_id, station_id, start_time, end_time, energy_used, cost) VALUES (173, 26, 9, '2024-08-31 09:47:15', '2024-08-31 12:14:14.568295', 7.58, 1.53);
INSERT INTO ChargingSessions (session_id, ev_id, station_id, start_time, end_time, energy_used, cost) VALUES (174, 66, 3, '2024-09-05 09:58:14', '2024-09-05 12:55:49.058015', 6.03, 2.43);
INSERT INTO ChargingSessions (session_id, ev_id, station_id, start_time, end_time, energy_used, cost) VALUES (175, 28, 9, '2024-08-24 07:36:18', '2024-08-24 10:00:28.965554', 33.2, 11.26);
INSERT INTO ChargingSessions (session_id, ev_id, station_id, start_time, end_time, energy_used, cost) VALUES (176, 44, 2, '2024-08-15 14:31:25', '2024-08-15 16:03:39.377657', 22.15, 10.38);
INSERT INTO ChargingSessions (session_id, ev_id, station_id, start_time, end_time, energy_used, cost) VALUES (177, 8, 7, '2024-09-12 17:43:33', '2024-09-12 19:53:40.641670', 48.74, 20.48);
INSERT INTO ChargingSessions (session_id, ev_id, station_id, start_time, end_time, energy_used, cost) VALUES (178, 20, 10, '2024-09-12 10:05:55', '2024-09-12 11:56:32.539181', 43.95, 12.44);
INSERT INTO ChargingSessions (session_id, ev_id, station_id, start_time, end_time, energy_used, cost) VALUES (179, 52, 9, '2024-08-20 00:16:40', '2024-08-20 01:51:52.804691', 32.82, 3.57);
INSERT INTO ChargingSessions (session_id, ev_id, station_id, start_time, end_time, energy_used, cost) VALUES (180, 5, 2, '2024-08-15 18:46:12', '2024-08-15 21:36:02.106968', 36.8, 8.88);
INSERT INTO ChargingSessions (session_id, ev_id, station_id, start_time, end_time, energy_used, cost) VALUES (181, 46, 4, '2024-09-04 15:28:18', '2024-09-04 17:12:24.468865', 27.7, 6.03);
INSERT INTO ChargingSessions (session_id, ev_id, station_id, start_time, end_time, energy_used, cost) VALUES (182, 31, 8, '2024-08-24 12:51:01', '2024-08-24 14:47:51.315667', 19.12, 6.06);
INSERT INTO ChargingSessions (session_id, ev_id, station_id, start_time, end_time, energy_used, cost) VALUES (183, 96, 8, '2024-08-21 08:53:17', '2024-08-21 09:44:08.990656', 46.09, 12.43);
INSERT INTO ChargingSessions (session_id, ev_id, station_id, start_time, end_time, energy_used, cost) VALUES (184, 93, 2, '2024-09-10 15:53:58', '2024-09-10 16:30:00.134418', 27.89, 3.54);
INSERT INTO ChargingSessions (session_id, ev_id, station_id, start_time, end_time, energy_used, cost) VALUES (185, 84, 5, '2024-09-03 12:37:12', '2024-09-03 13:53:12.115868', 16.04, 3.15);
INSERT INTO ChargingSessions (session_id, ev_id, station_id, start_time, end_time, energy_used, cost) VALUES (186, 50, 5, '2024-08-31 07:21:56', '2024-08-31 09:43:00.076610', 44.43, 15.91);
INSERT INTO ChargingSessions (session_id, ev_id, station_id, start_time, end_time, energy_used, cost) VALUES (187, 81, 9, '2024-09-05 14:40:37', '2024-09-05 17:23:08.202496', 16.86, 4.61);
INSERT INTO ChargingSessions (session_id, ev_id, station_id, start_time, end_time, energy_used, cost) VALUES (188, 50, 7, '2024-09-07 12:19:28', '2024-09-07 13:43:47.085090', 12.6, 2.13);
INSERT INTO ChargingSessions (session_id, ev_id, station_id, start_time, end_time, energy_used, cost) VALUES (189, 67, 4, '2024-08-17 11:15:49', '2024-08-17 13:33:02.551276', 17.19, 3.96);
INSERT INTO ChargingSessions (session_id, ev_id, station_id, start_time, end_time, energy_used, cost) VALUES (190, 23, 1, '2024-08-16 03:40:49', '2024-08-16 05:30:08.504946', 43.57, 17.47);
INSERT INTO ChargingSessions (session_id, ev_id, station_id, start_time, end_time, energy_used, cost) VALUES (191, 34, 1, '2024-08-19 12:51:03', '2024-08-19 13:48:37.265624', 20.3, 2.55);
INSERT INTO ChargingSessions (session_id, ev_id, station_id, start_time, end_time, energy_used, cost) VALUES (192, 13, 4, '2024-09-04 19:05:09', '2024-09-04 20:46:06.898987', 39.7, 12.7);
INSERT INTO ChargingSessions (session_id, ev_id, station_id, start_time, end_time, energy_used, cost) VALUES (193, 63, 9, '2024-09-05 08:25:11', '2024-09-05 09:28:15.389342', 32.14, 11.98);
INSERT INTO ChargingSessions (session_id, ev_id, station_id, start_time, end_time, energy_used, cost) VALUES (194, 59, 7, '2024-09-07 01:22:14', '2024-09-07 03:03:13.906086', 48.92, 15.09);
INSERT INTO ChargingSessions (session_id, ev_id, station_id, start_time, end_time, energy_used, cost) VALUES (195, 26, 4, '2024-09-03 04:16:30', '2024-09-03 06:25:46.569977', 33.4, 6.56);
INSERT INTO ChargingSessions (session_id, ev_id, station_id, start_time, end_time, energy_used, cost) VALUES (196, 52, 9, '2024-08-15 06:54:39', '2024-08-15 08:10:28.789354', 18.89, 7.16);
INSERT INTO ChargingSessions (session_id, ev_id, station_id, start_time, end_time, energy_used, cost) VALUES (197, 61, 4, '2024-08-30 01:57:56', '2024-08-30 02:47:57.445465', 10.38, 5.11);
INSERT INTO ChargingSessions (session_id, ev_id, station_id, start_time, end_time, energy_used, cost) VALUES (198, 17, 7, '2024-08-31 21:22:25', '2024-08-31 23:36:27.433038', 26.11, 3.16);
INSERT INTO ChargingSessions (session_id, ev_id, station_id, start_time, end_time, energy_used, cost) VALUES (199, 89, 10, '2024-09-09 07:51:37', '2024-09-09 09:36:49.235428', 38.69, 4.13);
INSERT INTO ChargingSessions (session_id, ev_id, station_id, start_time, end_time, energy_used, cost) VALUES (200, 40, 10, '2024-08-30 07:21:16', '2024-08-30 08:20:31.118923', 30.24, 9.17);

INSERT INTO Tariffs (tariff_id, station_id, time_period, cost_per_kWh) VALUES (1, 8, 'Night', 0.3);
INSERT INTO Tariffs (tariff_id, station_id, time_period, cost_per_kWh) VALUES (2, 1, 'Night', 0.11);
INSERT INTO Tariffs (tariff_id, station_id, time_period, cost_per_kWh) VALUES (3, 4, 'Night', 0.22);
INSERT INTO Tariffs (tariff_id, station_id, time_period, cost_per_kWh) VALUES (4, 2, 'Night', 0.12);
INSERT INTO Tariffs (tariff_id, station_id, time_period, cost_per_kWh) VALUES (5, 6, 'Night', 0.18);
INSERT INTO Tariffs (tariff_id, station_id, time_period, cost_per_kWh) VALUES (6, 6, 'Peak', 0.29);
INSERT INTO Tariffs (tariff_id, station_id, time_period, cost_per_kWh) VALUES (7, 2, 'Off-Peak', 0.3);
INSERT INTO Tariffs (tariff_id, station_id, time_period, cost_per_kWh) VALUES (8, 8, 'Off-Peak', 0.23);
INSERT INTO Tariffs (tariff_id, station_id, time_period, cost_per_kWh) VALUES (9, 5, 'Peak', 0.28);
INSERT INTO Tariffs (tariff_id, station_id, time_period, cost_per_kWh) VALUES (10, 1, 'Night', 0.22);
INSERT INTO Tariffs (tariff_id, station_id, time_period, cost_per_kWh) VALUES (11, 4, 'Night', 0.23);
INSERT INTO Tariffs (tariff_id, station_id, time_period, cost_per_kWh) VALUES (12, 10, 'Night', 0.28);
INSERT INTO Tariffs (tariff_id, station_id, time_period, cost_per_kWh) VALUES (13, 4, 'Night', 0.18);
INSERT INTO Tariffs (tariff_id, station_id, time_period, cost_per_kWh) VALUES (14, 6, 'Off-Peak', 0.13);
INSERT INTO Tariffs (tariff_id, station_id, time_period, cost_per_kWh) VALUES (15, 6, 'Night', 0.23);
INSERT INTO Tariffs (tariff_id, station_id, time_period, cost_per_kWh) VALUES (16, 1, 'Night', 0.14);
INSERT INTO Tariffs (tariff_id, station_id, time_period, cost_per_kWh) VALUES (17, 3, 'Night', 0.23);
INSERT INTO Tariffs (tariff_id, station_id, time_period, cost_per_kWh) VALUES (18, 5, 'Night', 0.17);
INSERT INTO Tariffs (tariff_id, station_id, time_period, cost_per_kWh) VALUES (19, 9, 'Night', 0.21);
INSERT INTO Tariffs (tariff_id, station_id, time_period, cost_per_kWh) VALUES (20, 5, 'Night', 0.15);